klass,maxX,maxY,maxZ,maxAlpha,maxBeta,maxGama,avgX,avgY,avgZ,avgAlpha,avgBeta,avgGama
false,0.17092067003250122,0.32932353019714355,1.4330005645751953,0.4218575954437256,0.6945735812187195,0.1054643988609314,-0.21964443689105154,-0.04861801657183417,0.12755814914045663,0.01136316728360694,-0.004089760519135958,0.008399927623345163
false,0.93184494972229,0.7645063400268555,4.558624267578125,0.49962425231933594,8.773785591125488,0.9864649772644043,-0.3722845175316636,0.00313267014710836,-0.6292838110050685,0.02304642365976486,0.2874351187172989,0.059266518771936984
false,0.44582033157348633,0.8173751831054688,5.670900344848633,2.4789459705352783,3.2214579582214355,0.7020306587219238,-1.1299535742690485,-0.8888030157935235,0.1695983890564211,-0.44632505041156567,0.058230513887059306,-0.014226870401011359
false,8.64610767364502,1.829690933227539,3.9229965209960938,2.389461040496826,7.36013650894165,4.855623245239258,0.031210614400997497,-1.1588605393966038,0.46311502027929874,0.15354292850385895,-0.11566881960556075,0.48055169816341314
false,2.3515186309814453,0.5331318378448486,1.5657997131347656,2.852865219116211,6.009339809417725,2.1817281246185303,-0.3641257478910334,-0.3209574970544553,-0.20745756747383698,0.10070189772694207,0.27085697021810157,-0.06439824173153907
false,0.6827932000160217,0.45631709694862366,4.944659233093262,5.096380710601807,5.543805122375488,1.7694581747055054,-0.7663161663905435,-1.010992147093234,0.25389330024304596,0.3906397438162695,-0.28385068524790846,0.08640021209038146
false,8.431869506835938,0.5167350769042969,2.448965072631836,1.7769153118133545,4.593560218811035,4.846035957336426,0.3726416084231163,-1.620059933285324,0.2269490847782213,0.25202969027379035,0.17503480895479417,0.6175895933042832
false,13.06013298034668,11.192554473876953,5.939583778381348,5.24658727645874,3.6901886463165283,9.265953063964844,0.09984325519147909,-2.403343659526897,0.6230868032237269,0.3731353210531316,0.10424834621613319,0.6597303587697306
false,13.800609588623047,2.8114724159240723,4.310464859008789,2.0965044498443604,1.9260568618774414,7.321785926818848,0.9179930405484306,-2.4556730853186712,0.14834590090645683,0.34449335890822114,-0.513260062204467,-0.4763771200552583
false,8.36401653289795,1.6031289100646973,3.349123001098633,2.253103017807007,2.5950634479522705,6.997935771942139,0.6211947568182675,-2.463625259275706,0.25620546079469175,0.3913358230284362,-0.0148438064563791,1.0844119840635444
false,3.4157791137695312,1.3661248683929443,1.2460975646972656,2.858191728591919,3.968231201171875,3.4973697662353516,0.15698796983749147,-0.7338806409684439,-0.2942038339281839,0.7756714480263847,0.06178721245969572,-0.2558741805454095
false,1.7087488174438477,1.2371587753295898,2.072176933288574,1.7353687286376953,1.1654348373413086,0.5358443856239319,-0.1898748201628526,-0.4736853917439779,0.1430237372716268,-0.2515698739637931,0.04296697899699211,-0.22108462450560182
false,6.862618446350098,2.3394293785095215,5.667463779449463,1.7204545736312866,12.042116165161133,2.442725896835327,-0.8244408216666091,0.04058009898290038,0.4683537401936271,0.13202418712766797,-0.4282130504831333,0.6107056762874973
false,5.020417213439941,1.923182487487793,2.3573570251464844,2.341522693634033,2.236058235168457,2.730355978012085,0.15199625773044925,-0.5241287350654602,-0.0714597225189209,0.27978248093277214,0.1697195580539604,0.4603325565966467
false,0.8724627494812012,0.563391923904419,1.3945751190185547,1.091929316520691,2.4256811141967773,0.6775288581848145,-0.14321146068507679,-0.6467804614811727,-0.05785398613916685,0.39840646001369984,0.2658718479478298,-0.2559339404616454
false,4.439483642578125,0.9725207090377808,2.3938467502593994,2.3511102199554443,3.6560990810394287,2.549255609512329,0.04911302129427592,-0.7941541049381097,0.30861217856407164,0.07953506947495043,0.199657948538661,-0.140377723077933
false,3.4982376098632812,1.862918496131897,2.7211408615112305,1.8727920055389404,1.6682549715042114,3.2480902671813965,-0.5486169585893894,-0.8130480441553839,0.4575099616215147,0.19841155300723742,-0.29335155282852016,0.511911903494961
false,5.083223342895508,1.3461887836456299,2.9014527797698975,1.4115184545516968,2.282931327819824,4.538165092468262,-0.031102669650110704,-1.055004441275679,0.8441283777356148,0.054183205882697524,-0.061116819382356156,-0.584039855411212
false,1.658139944076538,0.9838289022445679,2.7270469665527344,1.4807627201080322,1.5606600046157837,1.7992864847183228,-0.7255421015951369,-0.5399821506606208,0.6785329394870334,-0.37666532078550924,0.15378153450373147,0.4220232996054821
false,4.463111877441406,2.3847784996032715,1.814096450805664,0.6391781568527222,2.1582915782928467,3.5943119525909424,-0.8024983333378304,-0.954473161115879,0.22526821276036704,-0.005014688841339837,-0.2820698377823957,0.4648462153925765
false,-0.06411528587341309,0.228302001953125,1.4930944442749023,0.4889712929725647,1.9122079610824585,0.012783562764525414,-0.8500444975992044,-0.3579729205618302,0.3759009838104248,-0.4480017515597865,0.36870370781980455,-0.5128738938171106
false,2.2696022987365723,2.0172038078308105,7.982977867126465,2.268017292022705,2.550320863723755,2.3340656757354736,-1.076009510857303,-0.9077946878061062,0.7963117288380135,0.05974756524239371,-0.5273479692092756,-0.21695681520533272
false,7.920784950256348,2.0608949661254883,4.378493785858154,1.9516240358352661,1.9004896879196167,8.603338241577148,0.04239431282748347,-2.3491964754850967,0.29378256590470025,-0.11147020010790532,-0.05834431312235909,0.7403813725931273
false,3.157724618911743,0.9875858426094055,3.212162971496582,3.277918577194214,5.756864547729492,0.656222939491272,-0.23778267074672002,-0.0366997749559463,0.31040641996595597,0.4323583627858805,0.18468529317114088,-0.28602377023725284
false,6.683942794799805,0.3800356388092041,4.667201042175293,4.360260486602783,2.093308448791504,6.221333980560303,-0.006111913174390793,-2.219101482629776,0.741395890712738,0.4943510430166498,0.5101707043126226,-0.4907689681975171
false,3.308431625366211,0.4134960174560547,4.875112533569336,3.2416985034942627,1.7630664110183716,4.7565507888793945,-0.20793628727280816,-1.6838777647462002,0.804881400840227,0.4801268517933136,0.3028540071966343,-0.04840907731721567
false,2.0230937004089355,0.6372442245483398,2.5661048889160156,2.317020893096924,0.5763256549835205,1.7161933183670044,-0.397039672053313,-0.804294073129002,0.5604987023751947,0.22465628637236695,-0.12315641612675088,0.13455104629827452
false,3.0788583755493164,0.8771054744720459,3.1102538108825684,1.904750943183899,3.957578182220459,3.18630313873291,-0.08496529472771511,-0.8332686808801466,0.3867550460241174,0.30452601257611506,0.20738925904996933,-0.02650641263913243
false,3.0465564727783203,0.17888569831848145,1.8144245147705078,1.6799732446670532,1.1910020112991333,3.936272144317627,-0.20173293823682809,-0.9313832415810114,0.11856340456612502,0.48001740598768183,-0.08810949250112605,-0.11052118056701331
false,1.8195672035217285,0.6219840049743652,7.569160461425781,4.4327006340026855,1.599010705947876,1.9004896879196167,-0.6580802299406218,-1.1624980931696685,0.41084278990393097,-0.3704338621996019,0.09221766286772555,0.2307294215171841
false,3.9253928661346436,1.8056848049163818,4.7213640213012695,2.2275359630584717,4.415655612945557,3.653968572616577,-0.24527394408765046,-1.1941298961639404,0.8139222528623498,0.34864852911104327,0.1092716681568519,-0.29575421920289163
false,3.8718996047973633,0.5301330089569092,6.572572708129883,4.317648410797119,5.242326259613037,3.0307698249816895,0.12690958323387,-1.4089878098322794,0.5479796150555978,1.0042165027340302,-0.14031189914721137,-0.41819050763017285
false,1.942542552947998,-0.2487301528453827,8.037281036376953,5.913463115692139,3.7008416652679443,1.3710371255874634,-0.526154175580266,-2.2308053492781625,0.9616478466125856,-0.3609944672957736,0.15672699510293778,0.1618096205035606
false,5.253079414367676,0.8941340446472168,5.57607364654541,5.206106185913086,3.4334521293640137,4.325105667114258,0.3165471519033114,-1.8363708506027858,0.8861751695473988,1.1382786564994603,0.3977463642445703,-0.29242400273215025
false,4.044157028198242,0.89851975440979,1.5904960632324219,0.7393160462379456,5.371227264404297,3.7690205574035645,0.10233558454210796,-0.24169078421971155,-0.5861924032843302,0.07901797665371782,0.9992316280683827,0.1301184045594363
false,7.8410162925720215,1.0020554065704346,5.83390998840332,3.021182060241699,3.223588466644287,5.009026050567627,0.29062832860679894,-1.7964037135764435,0.7928290012833121,0.3904722932778247,-0.23408224018880042,0.28022523395638993
false,6.814248085021973,0.061962127685546875,4.82800817489624,2.810253381729126,1.4860892295837402,6.454634189605713,0.4729829407655276,-1.954159908569776,0.8116471836200128,0.32185283441168183,-0.16775353870784435,-0.5376676629082515
false,3.6792678833007812,0.7332284450531006,3.617675304412842,2.6430017948150635,7.480515003204346,2.942350149154663,0.262213076208974,-1.1413393426727463,0.055241988255427435,0.292418157917212,-0.5016143633114113,0.4916872180343329
false,6.910056114196777,0.5279973745346069,5.863970756530762,5.040985107421875,4.102458477020264,6.327863693237305,0.534793686190689,-2.0027491450309753,0.8837583088488491,0.5975723907015182,-0.009735635102347092,-0.3874129853038876
false,5.833707809448242,0.6236398220062256,2.524979591369629,0.877804696559906,1.2698339223861694,4.613801002502441,-0.10618648194430168,-1.980693140573669,0.3694645521933572,-0.22984248642266417,-0.07049649415472359,0.7125621714645571
false,1.5001578330993652,-0.015192508697509766,2.9307432174682617,2.406505823135376,7.9332661628723145,0.877804696559906,-0.20358837039574332,-0.8830107554145481,0.5226099115350972,0.13068414207942702,0.06351252113792884,-0.5266735472554422
false,1.1474355459213257,-0.8829979300498962,5.445343971252441,6.04449462890625,3.5975077152252197,0.8618252277374268,-0.6114767416615352,-1.8740760305217494,0.7678369066425573,0.41584414366423805,-0.2441620714005048,-0.0780952258479442
false,3.6890573501586914,0.24060559272766113,1.9149867296218872,1.9164692163467407,8.01955509185791,4.048128128051758,0.19223262047030262,-1.0182405378400665,0.08190320017411537,0.10593664426639791,-0.1366325733587914,0.5710760316782698
false,1.482436180114746,-0.18233680725097656,2.7978010177612305,1.0077708959579468,6.273533821105957,1.380624771118164,-0.06655523221786708,-0.8807851451717011,0.2861943926713238,0.10269170583461806,-0.2984728551890752,0.00840563173979929
false,5.436022758483887,-0.12833404541015625,2.751105785369873,0.9598325490951538,1.2293527126312256,5.602396488189697,0.3669463626543681,-2.0510724345842997,0.5269521522521973,0.060011728927493097,0.07658774573666353,-0.266679331487976
false,8.623717308044434,1.8660712242126465,4.618813514709473,1.4029960632324219,0.39948636293411255,3.6774051189422607,-0.14759771298553984,-0.390561799881822,0.15197504172890874,-0.0796264326673443,-1.3080040834275848,-0.0674928880051978
false,5.922371864318848,-0.003624141216278076,1.9296011924743652,1.1153658628463745,1.789698839187622,5.046311378479004,0.1919066941454297,-2.2282986286140622,0.15936823118300664,0.0739113141538664,0.20359853984666101,-0.2962159509992316
false,2.4584484100341797,1.1299259662628174,3.876737594604492,1.195263147354126,6.1052165031433105,3.431321382522583,-0.30535898490955954,-0.6447448454405132,-0.14362370089480753,-0.12555926230392958,-0.5709767140742196,0.5779067622791779
false,0.9560476541519165,0.08585953712463379,8.878236770629883,5.016483306884766,3.2598085403442383,0.597631573677063,-0.6664471554179345,-1.8843041395628324,0.5696871870307512,0.5173448454788936,-0.05077915945120396,-0.40245314333738097
false,2.8331284523010254,0.8622641563415527,1.4991979598999023,0.9044371247291565,6.342777729034424,3.251286268234253,-0.09155283471859924,-0.8980129169761588,-0.5792950933132697,0.10178961236576695,0.16748617756940903,-0.2650048274444331
false,6.364565849304199,0.5891398191452026,2.3510241508483887,1.3145763874053955,6.153155326843262,4.902496337890625,-0.059733165571322806,-1.0217485613165758,0.2663221364984146,0.22871788603086501,-0.07347134757676543,0.4002170382151141
false,1.1069235801696777,0.48663330078125,5.2032012939453125,5.722774982452393,7.61793851852417,1.6373614072799683,-0.8409292264418169,-1.154418764831303,0.3082333684384406,0.07687271790500809,-0.12130231246143788,-0.32487831541200307
false,-0.03536224365234375,-0.3157382011413574,0.7958955764770508,0.45275118947029114,0.6168069243431091,0.3547438681125641,-0.39950291572078583,-0.7285184014228082,0.36060994671237084,-0.007731995304986354,-0.11096270228811209,0.13092842942944938
false,0.48936712741851807,-0.0007305145263671875,1.3689846992492676,2.017672300338745,1.335882306098938,0.49003657698631287,-0.26092794626066,-0.4269475984101248,0.17068203368989548,-0.013669554199470153,-0.027033232051030833,0.07142763254624598
false,1.3152406215667725,0.9696531295776367,0.7728414535522461,0.2109287977218628,1.2186996936798096,1.3007276058197021,0.083312536439588,-0.2305670246001213,0.12631407091694494,-0.20182222311174677,0.07065324148824138,-0.04584213101395195
false,7.798336982727051,1.658045768737793,1.6208224296569824,1.1015170812606812,2.7921433448791504,4.860949993133545,-0.502317667910547,-0.8117451575217824,-0.31246386287790356,-0.0906470832026874,-0.015317674712136839,-0.6196799849470457
false,4.932248115539551,0.7971208095550537,1.9483556747436523,1.2101773023605347,4.700089931488037,3.8915297985076904,0.15848772210636358,-0.9470034351294068,-0.45418367440673124,0.12923153863829057,0.4374084745844205,-0.17131687773541474
false,1.7719262838363647,0.5209286212921143,5.68540620803833,5.4841485023498535,2.3670897483825684,1.0397298336029053,-0.024927792449792225,-0.7940230164034613,0.4801062763422385,0.00018367095283050648,0.09293797148669931,0.07016266070991412
false,5.843685626983643,1.3665025234222412,1.8364229202270508,0.7190754413604736,0.7190754413604736,5.708926200866699,0.5337480206087412,-0.9600789015551647,0.14681448419410062,-0.06892342785378941,-0.06692118102022593,0.4451657789254404
false,2.617831230163574,0.2623748779296875,3.5776748657226562,4.527512073516846,5.569372177124023,1.5233746767044067,0.09961051359063103,-0.5710785695484706,-0.07828243573506673,0.43724859575186636,-0.1572987026756718,-0.4966109941802209
false,3.4078304767608643,0.3954582214355469,3.952972412109375,3.0893611907958984,2.5790839195251465,2.4395298957824707,0.12369393010405784,-0.7114948287923285,0.5292404332059495,0.08609639159700971,-0.02630376671639053,-0.148178270500292
false,3.081134796142578,0.29691576957702637,5.356494903564453,3.9021825790405273,3.058467388153076,2.6696341037750244,0.13247504151933562,-0.6861078942694315,-0.3065739996064969,0.1362627362662063,0.2691477070130953,0.09609324594853612
false,0.9991124868392944,0.5151243209838867,3.056746482849121,5.472430229187012,9.07739543914795,2.1977076530456543,-0.5777914607072179,-0.8563919278639781,-0.17578112173684035,-0.2684278648959685,0.07260202108057145,0.04398732430661168
false,2.8805384635925293,0.03974723815917969,4.559350967407227,7.429380893707275,4.2835588455200195,2.726094961166382,-0.42739113290375524,-1.602465036265347,0.21221648279680025,-0.7317905843497143,-0.43764156945596594,0.412230819399648
false,2.769205093383789,0.7069845199584961,1.0336737632751465,0.7318589687347412,2.2328624725341797,1.7790459394454956,0.634828857313364,-0.8237503614181128,-0.555607047982705,-0.35202600618448254,-0.2832324157158534,-0.5244811889118491
false,5.058852195739746,0.9869070053100586,1.7263734340667725,1.2282873392105103,4.948304176330566,6.345973968505859,-0.7394945705638213,-0.8544771685319789,-1.0819555212469663,-0.005564610747730031,-0.3257928653510616,0.7200780710315003
false,3.8114142417907715,0.17351055145263672,1.531177282333374,1.2836828231811523,2.6536545753479004,3.373795509338379,0.5475605024231804,-1.0324474328094058,-0.24358867671754625,-0.027650372166600493,-0.34733415014213986,-0.07060551134248574
false,4.269024848937988,0.2327866554260254,2.3746814727783203,4.817272663116455,3.9288151264190674,4.005516529083252,-0.08087954283656931,-1.0311550270569951,-0.03223988088898193,-0.5514954210449836,-0.40089606404080425,0.7632812500644223
false,3.2497329711914062,0.5357413291931152,5.444088935852051,1.4253673553466797,5.248717784881592,3.155409574508667,0.3315572555065155,-0.9042669148445129,0.47574190139770506,-0.5520539120174944,-0.1672345831617713,-0.17118043624609708
false,3.504887819290161,0.25648510456085205,4.426335334777832,2.4736194610595703,4.1461358070373535,1.3390783071517944,0.5409579042984982,-0.48998891012837187,0.3048037278531778,-0.1803257166398595,-0.029882109632264033,-0.39088865235033965
false,2.0652952194213867,-0.02637767791748047,3.812089443206787,3.8553097248077393,5.835696697235107,1.4285632371902466,0.15392078225519143,-0.49458830789023756,-0.04814332139258291,0.34872808387758686,-0.4089800232254407,0.09505164359385769
false,2.886850357055664,1.1843047142028809,4.708600997924805,4.5285773277282715,4.435896396636963,1.6671897172927856,0.5604807573866535,-0.993086243991728,-0.3810156281892355,0.49887716917732317,0.5586513884776791,-0.2345036757601933
false,1.3463283777236938,-0.19588804244995117,2.332080841064453,3.276853322982788,6.146763324737549,1.739629864692688,-0.27295071762558576,-1.0908280329124347,0.30852401900935816,-0.0250200785167918,0.2924959766678512,-0.10562275501119124
false,2.3911681175231934,0.5436253547668457,3.3157663345336914,5.111294746398926,7.140685558319092,1.4125837087631226,-0.3837653802287194,-1.4834937267406012,0.9229941291193808,0.634229691689133,0.03103107346161719,-0.3541940444284269
false,3.6612672805786133,-0.1736469268798828,5.8119707107543945,4.79170560836792,3.707233428955078,1.8781185150146484,-0.6896764259293394,-1.5870922072878424,1.0574506526848055,-0.4214455441413623,0.15788504573569265,0.03398900205831764
false,3.6441750526428223,0.25276827812194824,6.143247604370117,4.073695659637451,6.426936626434326,4.913149356842041,-0.2812255968650182,-1.8449638675952302,0.40380768866642663,-0.04526739742309935,0.03940826084842716,0.1897618097077677
false,1.2909654378890991,0.5973100662231445,6.983604431152344,2.922109603881836,3.702972173690796,0.9875302314758301,-1.1333252481619518,-1.071221834421158,0.17233338912328083,-0.5208733800550301,0.017598704993724824,0.07887458376586437
false,3.852870464324951,0.31427812576293945,4.189326286315918,5.827174186706543,3.96716570854187,3.159670829772949,-0.24556427618319338,-2.1555516855283217,0.47653698243878106,0.782521134369414,0.5899565947183874,0.17910305512222377
false,2.075885772705078,0.7284154891967773,5.557276248931885,1.4807627201080322,3.2811145782470703,0.7702096700668335,-0.08096752720682518,-0.9489743450413579,0.6754988691081172,0.06072192155229657,-0.0018295278853696325,0.14379192986930517
false,0.13279153406620026,0.023123154416680336,0.20018959045410156,0.015979453921318054,0.006391781382262707,0.0010652969358488917,0.05131123232699576,-0.04929159751294979,0.11276349567231678,0.002041819118728329,0.002295461232452432,-0.0008243369118731824
false,3.9472875595092773,1.663381576538086,0.46312999725341797,0.009587672539055347,0.013848859816789627,0.5060160160064697,0.03446702829429082,-0.046767376230231354,0.11257705688476563,0.0019784085768541054,0.001430541602894664,-0.10989299054157788
false,1.9567151069641113,1.063128113746643,7.758330345153809,0.69563889503479,3.6944496631622314,0.42079228162765503,0.029507006601531906,-0.07120788876038726,0.10711015096985467,-0.02258218536245646,0.0008648952542997823,-0.04028088127788488
false,3.2419700622558594,1.2018866539001465,1.9334955215454102,1.1483900547027588,6.292708873748779,3.1351687908172607,-0.46128112154129225,0.049600861775569424,-0.66009143109505,0.06287983418084107,0.7812450491847136,0.048826109701528765
false,63.066497802734375,16.88450813293457,15.899284362792969,4.659608840942383,5.317962169647217,15.915535926818848,3.787992642806457,-5.59700597245414,2.73983798370705,0.6761852341813145,-0.5136746681454751,-0.9689979428626798
false,21.542434692382812,6.841298580169678,9.975207328796387,4.327236175537109,2.4672276973724365,10.601835250854492,0.8452678466417703,-3.4181865985134996,0.9241616639746241,-0.09701902638974948,0.06514996644782733,-0.4775867134512189
false,37.380706787109375,9.02394962310791,103.99071502685547,11.382698059082031,9.889151573181152,6.670889377593994,3.4154606846662667,-12.32257117308103,4.3136111626258264,0.05823075576470448,-0.03989126642162983,0.2898590963906967
false,34.72532272338867,7.987165451049805,111.50114440917969,11.12276554107666,7.676529884338379,9.263822555541992,3.0749679144288673,-10.386733286693447,4.75382016916744,0.19308071772827476,0.04748429249605683,0.20127128336395397
false,27.920284271240234,12.518134117126465,122.26795959472656,9.69739818572998,6.714566707611084,5.103837490081787,4.217047403656667,-10.530065579279777,2.8555183718281407,-0.02250869271735991,-0.03768058679997921,0.42525966860534203
false,41.77202606201172,82.4046401977539,32.914939880371094,7.833128452301025,3.0318350791931152,9.4129638671875,3.036415148632867,-3.3504446029663084,4.009321546554565,0.6766309649018305,-0.4265448904463223,-0.3557635059979345
false,72.1497802734375,56.55036163330078,43.80934524536133,6.85198974609375,4.87692928314209,12.217890739440918,-0.12995942468228547,-2.4088954635288404,1.4556824699692104,-0.07083762122075195,0.29985792619965806,0.26657434083906045
false,-0.33933472633361816,2.4254226684570312,0.5976963043212891,-0.04367717355489731,0.4122699201107025,0.385637491941452,-0.8336355924606323,2.0650806427001953,0.09877901077270508,-0.1316707007586956,0.24395300447940826,0.18259189128875733
false,11.961122512817383,2.325892448425293,13.66510009765625,4.036409854888916,3.058467388153076,6.631473541259766,0.46531337304193465,-1.6648241046999321,0.3491626567527896,-0.14123043301133592,0.22479511502763774,-0.1937268634983262
false,4.043133735656738,2.4397339820861816,22.789682388305664,9.453445434570312,2.9828314781188965,1.2080466747283936,-0.05407903868643964,-2.9633363846872673,1.2179847076290944,0.035381846740597585,0.13913476753781442,-0.15764648166530934
false,63.54800796508789,14.724844932556152,17.964540481567383,5.221020221710205,5.145384311676025,19.322355270385742,6.937360402838937,-10.57725098626367,3.7741706932670085,1.1843530587081252,-0.2039125150326511,0.2865281212785891
false,0.7229697108268738,1.3623603582382202,4.572320938110352,1.2517238855361938,2.4043750762939453,1.3273600339889526,-0.9200802834764603,0.12045465602028754,0.558358992299726,-0.4791602563946658,0.31166807849020245,0.17720012010015065
false,73.76644897460938,14.880019187927246,14.25592041015625,6.057278156280518,6.7646355628967285,21.52645492553711,7.762136596336699,-9.334529286936709,3.5440801000385953,1.2109622597498328,-0.10139010503495995,0.3803110339662485
false,61.2844123840332,10.672651290893555,29.247848510742188,5.153906345367432,8.024881362915039,21.949378967285156,5.250384750310332,-8.039859905838966,3.0083064856007695,0.9076329764793627,-0.4864245732387644,0.2535240037832409
false,79.36431121826172,13.332356452941895,32.76332473754883,2.975374460220337,9.796470642089844,26.80074119567871,6.694199536527906,-9.076063654252462,2.967927724123001,0.15783515353021876,0.271099037291216,1.7269034122582525
false,44.470924377441406,78.45024108886719,34.19369888305664,5.278546333312988,2.798535108566284,11.540361404418945,-9.925147362266268,2.729628269161497,-1.407203871863229,0.4724820152889671,-0.11162789858811135,-0.4447158161026891
false,23.673038482666016,53.64653778076172,8.568022727966309,2.660046339035034,3.3748607635498047,11.219707489013672,-3.694582222363888,-6.733683855105669,-4.060641799217615,0.16555806551462945,-0.01800078782849969,-0.26801778228046036
false,28.30585289001465,57.52943420410156,14.964993476867676,2.5939979553222656,3.648642063140869,11.171769142150879,-3.37213165871799,-8.061046674847603,-3.334466837346554,0.030044710760193993,0.006258620647713542,0.12816850759554654
false,18.79841423034668,15.948890686035156,60.621826171875,12.81339168548584,4.982393741607666,4.243077754974365,2.3662363325174036,-4.193462981627538,2.030466923346886,-0.10511612935134998,0.012619670695410324,-0.0474876648065849
false,33.28484344482422,10.866626739501953,60.92637634277344,6.779549598693848,3.515479803085327,3.11812424659729,0.19521076790988445,-3.783955637897764,0.6627111903258732,0.024996460249115313,0.026270976791108427,-0.03427972915648882
false,24.693944931030273,10.8523530960083,84.98274993896484,11.386959075927734,5.69401216506958,5.403185844421387,0.5776863214559853,-11.60204916447401,3.5016122944653034,-0.12630424182862043,0.0376016527734464,0.19784561043343274
false,27.459327697753906,7.792181015014648,87.10419464111328,10.056403160095215,3.900052070617676,5.364835262298584,1.1081513294451673,-11.840269100498146,3.802782565775052,-0.06363272121254827,0.06301756317294399,0.17130274102616477
false,22.797489166259766,6.984807968139648,6.740447998046875,2.252037763595581,2.330869674682617,8.38388729095459,2.8704639772574105,-3.724929149945577,1.5363729069630305,0.3788077535987314,-0.5437275582510565,-0.9906314461492002
false,81.65959930419922,21.870832443237305,26.564260482788086,6.497245788574219,6.219203472137451,23.956398010253906,9.22658012178209,-14.326005951563518,3.5163620079557103,1.4622502466042837,-0.14750811043712828,0.15120114367455245
false,69.59049987792969,29.269519805908203,11.735386848449707,2.2861273288726807,4.918476104736328,18.25918960571289,8.889110742246404,-13.662934068371268,1.8387671617024086,0.4482080222891561,-0.14146515979048083,-1.5776107310632463
false,65.630126953125,23.393552780151367,16.837631225585938,4.495553016662598,3.20334792137146,17.125713348388672,10.021476713816325,-16.176106731096905,2.71876616080602,0.36823763433688633,-0.005965667807807525,-0.4654992782821258
false,0.7864403128623962,0.3917205333709717,1.4863529205322266,0.164055734872818,0.5539544224739075,0.5028201341629028,0.2119442478968547,-0.12508216271033654,0.15864781599778396,-0.05785381796662337,-0.02374792646151036,0.09663062621481143
false,2.7754266262054443,0.7087090015411377,4.78753662109375,1.5436152219772339,3.2470250129699707,0.9172206521034241,0.2216969703974789,-0.32933559156443976,0.36745197315738626,0.12717893917738676,-0.2510160694332564,-0.17235920820640374
false,1.3695809841156006,0.8405406475067139,1.7124385833740234,2.2818660736083984,3.8265466690063477,0.8575640320777893,0.09227423994122325,-0.4216250245635574,0.015813600372623752,-0.1675683258957154,0.04875892138964421,-0.2549082777034995
false,2.6438329219818115,1.5954689979553223,4.210882663726807,2.4395298957824707,1.677842617034912,1.2527891397476196,0.48317310698921717,-1.327390988667806,0.12470983891260057,0.6976173146376534,-0.03376822679909685,0.15703829608502842
false,2.877802848815918,0.8220019340515137,5.478314399719238,4.361325740814209,4.17383337020874,1.091929316520691,-0.11957241013898688,-1.4012035272889218,0.4740717870704198,0.3267031082157361,0.39670574046292545,-0.4879782185731929
false,7.20231294631958,31.608570098876953,24.18075942993164,6.648518085479736,1.497807502746582,1.4029960632324219,0.35277395414955476,-1.7785432142369888,1.3804627369431888,0.7491794643978424,-0.2737938472562853,-0.09571379729930092
false,20.02752685546875,35.361289978027344,34.351524353027344,8.161239624023438,2.8091881275177,6.356626987457275,2.939008902419697,-2.640710874037309,6.606118514682308,-0.03833455169065432,0.29578130751509557,-0.010652964938234425
false,45.1725959777832,63.197296142578125,12.827016830444336,3.8638319969177246,3.340771198272705,12.634421348571777,4.516920709219135,-1.7397827398581582,1.725958186094878,1.0136213003062322,-0.2782695274532879,-0.7204900051726669
false,41.21324157714844,94.40431213378906,9.9728422164917,3.5548958778381348,2.0581536293029785,6.597383975982666,0.8896416281141452,0.3248283471634139,0.6258695259023068,0.8551631368863494,-0.07945207621791024,-0.09417542933361299
false,14.048556327819824,83.54228973388672,27.598346710205078,3.4291908740997314,1.5627906322479248,3.218261957168579,0.17759976010830675,0.6774672289363673,1.219423173880968,0.1770139254446401,-0.06222381950432404,0.048898876690473714
false,23.012306213378906,98.01713562011719,44.059329986572266,4.077956676483154,2.3074331283569336,3.569809913635254,0.6769401099532842,-0.5824325164159139,1.757795469959577,0.05807644311959545,-0.03577622550850113,0.007936463210110862
false,24.496871948242188,88.42344665527344,25.01051139831543,4.646825313568115,1.7737194299697876,3.56341814994812,0.05066411419501228,0.31062144617880544,1.5589405370335425,-0.20328270025446168,0.1408941132286864,0.10067055214970042
false,11.870865821838379,23.281566619873047,99.59849548339844,7.348418235778809,7.973747730255127,1.2325485944747925,-0.77618878779455,-0.1037180910559849,-0.16651903771605167,-0.06751528237483108,-0.03652685617781805,0.010809138508060099
false,4.282589912414551,5.375472068786621,75.54253387451172,8.527702331542969,5.882569789886475,1.040795087814331,-0.6508734131584296,-1.1466344113688212,-1.1429389360788706,-0.0221840834396111,-0.08163918114292461,-0.02209771440893009
false,9.943365097045898,8.213504791259766,42.52134704589844,10.270527839660645,9.154096603393555,1.1537165641784668,0.21026495726485,-2.6652267007974157,-7.368653255596495,-0.28013571939970316,0.1063427984747186,-0.08318660849411237
false,7.164083957672119,7.988214015960693,90.23159790039062,8.70773696899414,9.543994903564453,1.6607979536056519,-0.71543852585767,-4.2542497499712875,-3.8212677921567644,-0.3989156707954992,0.054158932238351554,-0.10443714297642666
false,10.184288024902344,43.17790222167969,142.463134765625,8.782307624816895,10.469738006591797,2.354306221008301,-0.6830326595476696,-2.3278105525033816,-6.176618559019906,-0.5528891364810988,0.16839300199977256,-0.0195367822722931
false,7.405740261077881,24.550189971923828,80.29757690429688,10.397297859191895,8.427563667297363,0.700965404510498,0.10386209040880204,-5.185564410009167,-8.14031925201416,-0.39785936014218765,-0.041953337224285035,-0.030719288912686434
false,57.82954406738281,67.31017303466797,24.36855697631836,3.0787081718444824,2.586540937423706,11.454072952270508,6.557025975651211,-2.987709312968784,2.0132257031069862,0.46700250463456744,0.12347974845001267,-0.5471010126173497
false,9.857264518737793,23.947174072265625,55.92630386352539,8.298663139343262,7.039482116699219,1.7353687286376953,-0.09608279168605804,-4.7818694746855535,-4.432979663213094,-0.345818003932381,0.0833191206170754,-0.10651355197963615
false,8.893075942993164,35.19894027709961,115.49821472167969,7.753231048583984,6.237313747406006,1.6842344999313354,-0.08187231545646985,-2.300195436924696,-6.877896815538406,-0.8549007917754352,0.12619330390589312,-0.1655205096321879
false,6.1130828857421875,18.973134994506836,46.382850646972656,8.642753601074219,7.614742279052734,1.1665000915527344,0.007038041602733524,-3.333862013595049,-9.299932812535486,-0.9368667645856391,0.26042791880493943,-0.025913970469128945
false,8.381224632263184,53.052066802978516,138.88800048828125,6.370475769042969,6.238379001617432,1.107908844947815,0.8595830931955454,-2.33701170220667,-2.1059241878743076,-0.645765594225757,0.08102778594332691,0.041959656716077307
false,40.456809997558594,80.01561737060547,25.60354995727539,9.176467895507812,7.2557373046875,1.2165690660476685,-0.950835153898772,-0.7885609001797789,-8.117682835635017,-0.18172714047592736,-0.09415345285635661,-0.46188455051400096
false,20.42632293701172,49.12815856933594,81.00531005859375,5.540609359741211,3.526132822036743,1.7577399015426636,-0.5472884762043856,-2.7882454842329025,-3.828824928828648,-0.7808844071755908,-0.1975147465329465,-0.07554912101477385
false,14.864838600158691,2.420863389968872,4.4648118019104,4.213249206542969,1.5627906322479248,8.936776161193848,1.1698600961718448,-3.9135340403678804,-0.35089540481567383,0.43151957792944684,0.14688710872148877,-0.5975077068649752
false,2.1550755500793457,1.561930537223816,13.565080642700195,5.722774982452393,4.2633185386657715,1.102582335472107,-0.7732101629177729,-2.383285317321618,0.40084003607432045,0.135168402766188,0.1664526601942877,0.05283872649694483
false,68.86245727539062,119.13894653320312,23.410112380981445,7.729794502258301,2.46403169631958,6.654910087585449,0.00929468646645546,0.37701966762542727,0.96196115501225,0.35851236239541323,-0.24793454594910144,-0.10816758871078491
false,12.351301193237305,115.00376892089844,46.910709381103516,4.102458477020264,2.1955769062042236,3.124516010284424,-1.181794091822609,-0.6602282372732011,0.07927895987790728,0.42398816630953834,0.18864210405283505,0.05615637135056276
false,25.48641586303711,3.930924415588379,88.67364501953125,11.018365859985352,4.74802827835083,2.794273853302002,1.7007405118395884,-9.87859848793596,2.8427660117546716,-0.15668743856804213,-0.189478603778601,0.10153611727097693
false,4.838755130767822,56.424678802490234,37.59468078613281,6.880753040313721,2.4352688789367676,1.8355066776275635,-0.5809852682492312,-1.9097748270221786,2.6045122462160446,0.2677028471348332,0.11801818604854976,-0.07505121367855691
false,3.5503246784210205,63.36811828613281,42.265357971191406,7.339895725250244,4.074760913848877,2.4608359336853027,-0.28849174441962405,-1.4477582964403877,3.0167680649921813,0.27982410374860245,0.13937023590350972,0.07165040351964276
false,1.824705958366394,2.4024085998535156,16.145328521728516,2.0368478298187256,4.145070552825928,0.7062918543815613,-0.8729549342145523,-1.3126634831229846,-0.5202737947305044,-1.626220143167302,0.08298219612091391,-0.24805882798197368
false,3.4205379486083984,5.473954677581787,45.62771224975586,3.930945634841919,11.663936614990234,1.6842344999313354,-2.30436542995122,-7.325975341152172,0.027978142001190965,-1.4213018142713272,0.08057124474161893,-0.07552737626959855
false,8.073241233825684,3.7720885276794434,41.00458908081055,3.408950090408325,6.818965911865234,2.394787549972534,-1.3568767915878976,-6.537717777437398,0.38444320218903677,-1.2402719564602844,0.12140579659691346,-0.06601036365360155
false,8.26717758178711,0.30315303802490234,76.37599182128906,11.881257057189941,2.745270252227783,3.1415605545043945,-0.42866400139672417,-14.49417004755565,6.682620309080396,0.4328453673848084,-0.29807008422378983,-0.13465353984917913
false,11.117979049682617,6.104710102081299,74.57469177246094,10.27159309387207,2.3883957862854004,5.174147129058838,0.9058864836891493,-11.50010673550592,1.1458715770555579,-0.8245398352611,-0.03665239283599067,0.07648523426547214
false,11.095025062561035,11.63624382019043,92.47805786132812,10.520872116088867,2.2030341625213623,4.871603012084961,0.7191827794286743,-13.54288651249302,1.7167138056968576,-0.04292986116636155,-0.01138436299429011,0.07453899259275909
false,31.38901138305664,9.553985595703125,103.2529525756836,10.451628684997559,3.355685234069824,5.547001361846924,1.0673399869709799,-11.923918826939309,2.5111038325584096,-0.14053164779731672,-0.17143984651830915,0.08195491130017254
false,0.850691556930542,3.3829522132873535,1.4038066864013672,0.9246777296066284,1.250658631324768,0.3515479862689972,-0.4786189529630873,2.6564224980495594,-0.0757236745622423,-0.005760493778830601,0.15034496405644826,-0.24799717909061453
false,38.79497146606445,5.402358055114746,119.2431411743164,9.524820327758789,6.449307441711426,4.92060661315918,4.589736465364695,-12.22648126538843,3.3893954306840897,0.10493173237045994,-0.06057212549785618,0.14712749345926568
false,0.7079892158508301,2.6698012351989746,0.03914070129394531,0.3387644290924072,2.614238739013672,0.9044371247291565,-0.2794626466021305,1.936159503169176,-1.2150234710879442,-0.18320509126955054,-0.19333839954711815,0.11219395660772556
false,1.0259528160095215,2.2520623207092285,5.351959228515625,2.49066424369812,1.243201494216919,0.504950761795044,-0.37704364240986027,1.4050190652886483,-0.5486522504728134,0.3601871082823953,0.0363806230972891,0.13441712432859898
false,1.6359052658081055,5.205318450927734,2.592747211456299,2.044304847717285,0.925743043422699,0.8351927995681763,-0.17874592542648315,-0.36711993217468264,-1.2066146612167359,-0.42312071940728596,-0.04389023236664278,-0.20085412595154983
false,2.1575636863708496,2.949298620223999,3.8930063247680664,2.533276081085205,7.8054304122924805,4.238816738128662,-1.0390019738811187,0.05502113665657482,-0.5618232204311195,0.724561101494721,0.13605187177101427,0.6021131805850771
false,7.411466598510742,2.358649730682373,7.543434143066406,4.570123672485352,7.925809383392334,2.188119888305664,1.365196156072187,-0.3262215636603467,1.1034375611726228,1.3315731832036026,-0.09980200900620706,-0.5692236656658687
false,-0.451218843460083,1.648425579071045,1.0150299072265625,0.10013791173696518,0.5709991455078125,0.07883197069168091,-1.1978891372680665,1.33752498626709,0.07541818618774414,-0.2895477073267102,0.038776809722185133,-0.15532029569149017
false,0.9559063911437988,-0.6653633117675781,2.013813018798828,0.49642837047576904,0.2578018605709076,0.15766394138336182,0.633858609199524,-0.848351001739502,1.1023130416870117,0.1444542646408081,0.003408953920006752,-0.03259808868169785
false,19.565834045410156,4.558443069458008,23.714784622192383,7.134293556213379,6.032776355743408,7.04161262512207,0.8566155586053025,-3.0714486092329025,1.2511382021687247,-0.43335796384648845,0.1999610753052614,-0.2771345706952905
false,38.014102935791016,5.641810417175293,111.63948059082031,7.95883321762085,6.921234130859375,6.580338954925537,4.009992611305467,-12.72036871211282,2.7491789275202256,-0.0006795669424122777,-0.016420280303934526,0.3021586123725464
false,39.793128967285156,5.188701629638672,49.69083023071289,10.6827974319458,13.837141990661621,13.709306716918945,2.1068668693035573,-5.787556555894044,1.1416924107182134,-0.21788680723129963,1.0256890120060258,0.10750863623075388
false,102.79881286621094,13.199167251586914,45.1966552734375,5.955009937286377,4.134417533874512,20.525075912475586,1.5909878526415144,-7.756538210596357,2.2433216060910905,1.0717191569507123,-0.37347788757511546,0.17574354553861277
false,28.267314910888672,5.746946811676025,26.609928131103516,6.84240198135376,9.533342361450195,10.476130485534668,1.3954847755998667,-5.758525904452447,1.7372387293541784,-0.387915745635729,1.2484541730863032,-0.5633416630253933
false,22.828554153442383,4.115940570831299,29.56793975830078,4.915279865264893,11.239948272705078,9.817776679992676,2.301162424541655,-6.434253369058881,0.569472869237264,-1.8351895603395643,1.1657645689944427,-0.6304021457298881
false,20.810813903808594,2.75169038772583,20.499629974365234,3.7477145195007324,10.613553047180176,10.907575607299805,3.727603004528926,-4.920217591065627,0.2233495675600492,-2.8165467638235824,-0.39958467391821056,0.050036191718223
false,24.942276000976562,4.5283894538879395,20.828784942626953,2.4310076236724854,9.811385154724121,11.921737670898438,0.9586713568466466,-4.811054292248516,0.603766761175016,-2.2825675695288425,1.2430456436988784,-0.08815984664166845
false,26.551010131835938,3.573483467102051,30.73919105529785,3.5293288230895996,10.854310035705566,10.592247009277344,0.6785456193120856,-5.216967370949294,1.1678523829108791,-1.5884979058081579,0.8509479645443591,-0.059740733900597615
false,19.236858367919922,2.5407838821411133,21.723718643188477,2.612107992172241,4.709677696228027,9.938155174255371,2.7664120416892204,-4.12532263053091,1.8715702232561613,-1.9444191996988498,-0.12688247310487846,0.1999674127682259
false,16.271106719970703,8.26877498626709,9.784977912902832,3.733865737915039,4.605278491973877,11.619194030761719,-1.481137796588566,-0.05669920470403588,3.4884549010059107,0.10092530205071418,-0.13214313467640593,0.22776513149880845
false,8.209235191345215,5.575838088989258,3.6765451431274414,1.9058161973953247,0.900175929069519,9.174337387084961,-2.634322121109761,-0.2057307135890907,0.013325153941839514,0.06588336280350324,-0.046392928917144596,0.5607363041227972
false,29.25064468383789,8.089677810668945,127.07489013671875,10.119256019592285,6.433328151702881,4.4486799240112305,3.4813938930630686,-12.832421687245368,3.724535353978475,0.04332206410666307,0.16620409414172171,0.3227139485689501
false,4.020656585693359,6.177558898925781,3.8269853591918945,2.57588791847229,1.1441289186477661,6.299100875854492,-2.3038686337959335,-0.6066141703042639,-0.2552803280841873,-0.08531360164374473,-0.2395634635138404,-0.11792709332812264
false,0.7893671989440918,1.7388676404953003,15.948294639587402,8.879249572753906,2.787882089614868,2.141246795654297,-4.239059743427095,-2.2598202533665157,0.14125712712605795,0.5151851783351352,0.1463007807199444,-0.1549626591482333
false,1.7599077224731445,4.416670799255371,9.58304214477539,4.009777545928955,3.335444688796997,3.8212201595306396,-3.6023946545340797,1.1090640371496028,-0.02310198870572177,0.3274529137394645,0.24751690538092094,0.652445953364738
false,-1.447825312614441,3.653372287750244,0.8629722595214844,0.3068055212497711,1.0812764167785645,0.1171826645731926,-2.4406149096978016,2.688611927704933,0.09655339901263897,-0.06453241151608288,0.06439583351572928,-0.005176250546728858
false,-0.0455402135848999,2.0706450939178467,4.512515068054199,5.23699951171875,1.755609393119812,0.17683929204940796,-2.0875790602282476,0.39841133952140806,-0.6363253342477899,-0.23993851552276235,-0.045919904426524515,-0.3280553901041123
false,-0.23827815055847168,2.3468170166015625,4.893664836883545,4.700089931488037,1.702344536781311,0.6082845330238342,-1.7278202985014235,0.5796209772427877,1.318290508928753,1.4053676045067343,-0.7946861490075078,0.02881374641410297
false,5.610984802246094,3.8348686695098877,12.64350414276123,1.1057782173156738,3.149017810821533,0.9885955452919006,0.8054214552657245,1.332844323491397,-0.1408809243816219,-0.2656529523330192,0.5396677530434442,-0.008288885658122089
false,5.668153285980225,4.612337112426758,20.214984893798828,6.244770526885986,9.263822555541992,1.755609393119812,1.2015368662018706,-2.3924509649691372,1.4789259330086086,-1.0841171986059002,-0.13728433831230455,0.2311231163566581
false,8.917363166809082,1.8872528076171875,3.774177074432373,4.7725300788879395,12.394729614257812,8.44780445098877,0.43567090393394553,-3.3163750030661143,-1.1530532029367262,1.2983449596150587,0.29181115801936836,-0.1916274290772215
false,8.112884521484375,2.4153389930725098,4.022605895996094,3.304551124572754,3.3290529251098633,9.716573715209961,0.811608218229734,-3.6644764863527737,-0.11929059945620023,0.4083365093594274,0.3700472798485022,0.5872449353337288
true,88.44527435302734,12.829355239868164,42.03977584838867,5.390402317047119,7.411270618438721,20.21507453918457,1.2705862240357833,-5.822997892986645,2.150075543739579,0.44053901780015703,-0.1417619811032306,0.20194154196334155
true,87.67083740234375,15.923249244689941,35.722572326660156,4.429504871368408,6.977694988250732,17.895923614501953,0.6020264593940793,-6.278670032819112,1.9401714955315446,0.4097035156958031,-0.18060010513572983,-0.057380766198603494
true,94.16802978515625,27.17833709716797,57.85861587524414,5.1176862716674805,13.442981719970703,17.760629653930664,4.152498425177808,-8.086303683946717,4.849907580411659,0.7107741616244586,-0.3145238934260494,-0.12580555461276816
true,89.11599731445312,30.95545196533203,43.171958923339844,6.922299385070801,10.100080490112305,16.410900115966797,3.9186410513417473,-7.061702687164833,4.035953196985968,0.9781078994113567,-0.10199300652562544,-0.06566268308409329
true,74.87265014648438,26.401897430419922,45.530731201171875,5.538478851318359,7.719141483306885,17.343034744262695,3.8834765008811294,-7.1854097514316955,3.8811844428037774,0.3653233891577813,0.04692815899335105,0.013683565874214702
true,102.3661880493164,33.419342041015625,74.20980072021484,5.070813179016113,12.010157585144043,17.287639617919922,3.6223822674661315,-7.333930861275151,5.137938440408346,0.2969364467305395,-0.21388347798360968,0.10423829565527586
true,86.26913452148438,30.028444290161133,42.40118408203125,3.6827313899993896,8.024881362915039,16.802928924560547,4.210096641462677,-7.518042369764679,4.164010255920644,0.19712340227347247,-0.057330376416330736,-0.02917608504696768
true,78.67530059814453,33.09483337402344,46.203773498535156,3.999124765396118,6.875426292419434,13.613429069519043,1.4457721202461808,-4.83639309141371,2.3394109893728188,0.0623987747390789,0.08261969606004034,0.07030960696714895
true,78.87950134277344,26.408235549926758,36.101463317871094,4.732048988342285,5.125143527984619,12.941226959228516,-2.3517719954252243,-1.4498833119869232,3.249616278335452,0.3554429872892797,-0.309585275259451,0.09462834200530779
true,83.9488525390625,27.175174713134766,47.9025993347168,5.354182243347168,10.788262367248535,15.431891441345215,-1.9116864568096097,-4.012855206505727,4.245237236305819,0.35904117540251146,0.20807596924320115,0.04234105822140888
true,89.13939666748047,33.371360778808594,47.370025634765625,5.322223663330078,9.720834732055664,15.388214111328125,-0.12118712663650513,-5.336469769477844,4.054241472482682,0.13909227314094702,0.15601273936529955,0.15251497933641076
true,99.461669921875,27.69602394104004,36.18114471435547,3.600703716278076,6.790202617645264,17.1875,-0.8958958148956299,-2.512537275950114,2.0017678268750507,0.07252541063974301,0.1036888898909092,0.12998042810087404
true,79.48619842529297,14.758651733398438,32.842044830322266,4.9216718673706055,8.522375106811523,15.073951721191406,10.147530967806592,0.08169173311304163,-0.2247637907663981,0.3551778899114809,-0.10708208446517403,0.24262466489762805
true,93.6889877319336,21.892379760742188,57.94594955444336,5.398924827575684,7.670137882232666,15.452132225036621,-0.5363997459411621,-5.021690945191817,2.1671385277401316,0.11675653174858201,0.21639086273922162,0.6036166187968444
true,82.39759826660156,18.85017967224121,43.44712448120117,4.231359481811523,6.216007709503174,15.514984130859375,-1.4155654244952731,-2.6241456237104206,1.7812423155539565,0.14604925928223464,0.13004021545768613,0.08762068218169992
true,98.27159118652344,24.00786590576172,41.58702850341797,4.220706462860107,6.455699443817139,17.080970764160156,-0.07285785675048828,-4.918765947736543,2.374039966998429,0.10544603934575772,0.06259537109270177,0.3734784006253527
true,94.01284790039062,23.96894645690918,47.79798126220703,4.518989562988281,8.833441734313965,14.885394096374512,-0.140972045160109,-4.737158648429379,2.810715582101576,0.20426208898425102,-0.08421001919815617,-0.138196503480656
true,74.20858001708984,20.898075103759766,38.112457275390625,4.5072712898254395,7.408074855804443,17.053274154663086,-1.132422375300574,-4.1457075202275835,2.398900905298808,0.3636382660340695,-0.18362000206160167,0.15622666114497752
true,78.12881469726562,15.795920372009277,40.01186752319336,4.148266315460205,9.643068313598633,16.677223205566406,0.3957888494458115,-5.065448476557146,2.9267558068559882,0.17977352074363775,0.2505877470238167,0.10914624247928723
true,65.37651824951172,21.050321578979492,29.22007942199707,4.4912919998168945,6.392847061157227,15.081408500671387,-0.8392702903387681,-3.653563135075119,2.610844798948405,0.39277296864761496,0.04172747434591347,0.1938438352970582
true,89.86617279052734,23.890766143798828,22.976024627685547,3.823350667953491,5.485213756561279,13.871231079101562,6.0882231536749245,-2.665892774994309,-6.849240032402244,0.14139657734415015,-0.018182035233523394,-0.15092665742377978
true,73.41511535644531,15.115283012390137,22.96929168701172,6.50150728225708,7.098073482513428,16.697463989257812,6.9646687470949615,-6.607898084933941,-2.1400877659137434,0.4231523231245004,-0.11231506602981915,-0.031827810304597595
true,87.7918472290039,20.50798225402832,38.308876037597656,5.387206554412842,7.121510028839111,15.663061141967773,4.457294574379921,-5.86743361155192,-3.2400402824083963,0.31799113725622496,-0.12069813832640648,0.02428876981139183
true,75.39244079589844,12.21064281463623,35.48306655883789,5.320092678070068,7.673333644866943,16.634611129760742,4.273350267267939,-8.356625037406808,-0.5905115230759578,0.3254084580425006,-0.05467993621505908,0.029510310058718296
true,84.61743927001953,11.788741111755371,33.35173034667969,3.29815936088562,8.839834213256836,15.52563762664795,3.242842309555765,-7.08040866609347,-0.8410702054783449,-0.14944852143526077,0.23467227311457617,0.2782050036998876
true,85.26888275146484,14.944622039794922,53.39579391479492,5.412773609161377,7.918352127075195,17.178977966308594,1.9511833904044968,-7.348749041557312,-0.16355913025992258,0.6698054478370717,-0.3593474952836654,0.5760783339709243
true,86.17918395996094,13.706033706665039,42.12241744995117,5.916659355163574,8.464849472045898,18.708744049072266,2.9354323034590863,-12.30938329087927,1.5832069604954822,0.5224261465383336,0.19921053311926254,0.33973907219602706